,hurstExponent,fractalDimension,r-squared,p-value,standardError
fullSeries,0.5766006878163963,1.4233993121836037,0.983114696336451,1.2655756548679669e-05,0.03379422548315044
trade,0.8848624269185529,1.115137573081447,1.0,0.0,0.0
month,0.7550026854574003,1.2449973145425997,0.9892511691416409,0.06612137077798266,0.07870019795510705
trend,0.6832863470077373,1.3167136529922627,0.9868145614065493,0.006614595735094707,0.05584923912577678
tail,0.6108587592568056,1.3891412407431944,0.977155259254965,0.001475608629097403,0.053925168192468266
